<?xml version="1.0" encoding="UTF-8"?>

<mule xmlns:json="http://www.mulesoft.org/schema/mule/json" xmlns:http="http://www.mulesoft.org/schema/mule/http" xmlns:ee="http://www.mulesoft.org/schema/mule/ee/core" xmlns="http://www.mulesoft.org/schema/mule/core" xmlns:doc="http://www.mulesoft.org/schema/mule/documentation"
	xmlns:spring="http://www.springframework.org/schema/beans" 
	xmlns:xsi="http://www.w3.org/2001/XMLSchema-instance"
	xsi:schemaLocation="http://www.springframework.org/schema/beans http://www.springframework.org/schema/beans/spring-beans-current.xsd
http://www.mulesoft.org/schema/mule/core http://www.mulesoft.org/schema/mule/core/current/mule.xsd
http://www.mulesoft.org/schema/mule/http http://www.mulesoft.org/schema/mule/http/current/mule-http.xsd
http://www.mulesoft.org/schema/mule/json http://www.mulesoft.org/schema/mule/json/current/mule-json.xsd
http://www.mulesoft.org/schema/mule/ee/core http://www.mulesoft.org/schema/mule/ee/core/current/mule-ee.xsd">
    <http:listener-config name="HTTP_Listener_Configuration" host="0.0.0.0" port="8081" doc:name="HTTP Listener Configuration"/>
    <flow name="sm3_challengeFlow1">
        <http:listener config-ref="HTTP_Listener_Configuration" path="/" doc:name="HTTP"/>
        <http:static-resource-handler resourceBase="src/main/resources" defaultFile="index.html" doc:name="HTTP Static Resource Handler"/>
    </flow>
    <flow name="sm3_challengeFlow">
        <http:listener config-ref="HTTP_Listener_Configuration" path="/multiplesof7and3" allowedMethods="GET" doc:name="HTTP"/>
        <logger level="INFO" doc:name="Logger"/>
        <component class="sm3_challenge.SM3ChallengeProcessor" doc:name="Java"/>
        <ee:cache doc:name="Cache">
            <json:object-to-json-transformer doc:name="Object to JSON"/>
        </ee:cache>
    </flow>
</mule>
